PortCode,MajorPortCode,MajorPortName,CountyCode,PortName,DiscontinuedDate
1,99,UNKNOWN MAJOR PORT,99,EUREKA AREA 2,01/01/1996
2,99,UNKNOWN MAJOR PORT,99,FORT BRAGG AREA,01/01/1996
3,99,UNKNOWN MAJOR PORT,99,BODEGA BAY AREA,01/01/1996
4,99,UNKNOWN MAJOR PORT,99,SAN FRANCISCO AREA 2,01/01/1996
5,99,UNKNOWN MAJOR PORT,99,MONTEREY AREA 2,01/01/1996
6,99,UNKNOWN MAJOR PORT,99,MORRO BAY AREA,01/01/1996
7,99,UNKNOWN MAJOR PORT,99,SANTA BARBARA AREA 2,01/01/1996
8,99,UNKNOWN MAJOR PORT,99,LOS ANGELES AREA 2,01/01/1996
9,99,UNKNOWN MAJOR PORT,99,SAN DIEGO AREA 2,01/01/1996
10,99,UNKNOWN MAJOR PORT,99,SACRAMENTO DELTA AREA,01/01/1996
11,99,UNKNOWN MAJOR PORT,99,INLAND WATERS AREA,01/01/1996
100,99,UNKNOWN MAJOR PORT,99,NORTH OF CALIFORNIA (HOME PORT),01/01/1996
111,99,UNKNOWN MAJOR PORT,99,UNKNOWN,01/01/1996
200,2,FORT BRAGG,99,EUREKA AREA,01/01/1996
201,1,EUREKA,8,CRESCENT CITY,
202,2,FORT BRAGG,8,REQUA,01/01/1996
203,2,FORT BRAGG,8,SMITH RIVER,01/01/1996
204,1,EUREKA,12,ORICK,
205,2,FORT BRAGG,47,YREKA,01/01/1996
206,2,FORT BRAGG,32,CHESTER,01/01/1996
207,2,FORT BRAGG,1,CENTERVILLE,01/01/1996
208,2,FORT BRAGG,12,BLUE LAKE,01/01/1996
209,2,FORT BRAGG,12,CRANNELL,01/01/1996
210,1,EUREKA,8,KLAMATH,
211,2,FORT BRAGG,23,ALBION,
212,1,EUREKA,12,ARCATA,
213,2,FORT BRAGG,23,POINT ARENA,
214,2,FORT BRAGG,12,FERNDALE,01/01/1996
215,1,EUREKA,12,SHELTER COVE,
216,2,FORT BRAGG,12,FIELDBROOK,01/01/1996
217,1,EUREKA,12,FIELDS LANDING,
218,2,FORT BRAGG,12,SCOTIA,01/01/1996
219,1,EUREKA,12,HUMBOLDT BAY,
220,1,EUREKA,12,EUREKA,
221,2,FORT BRAGG,12,FORTUNA,01/01/1996
222,2,FORT BRAGG,23,ELK,
223,2,FORT BRAGG,23,FORT BRAGG,
224,2,FORT BRAGG,12,LOLETA,01/01/1996
225,2,FORT BRAGG,53,RUTH,01/01/1996
226,2,FORT BRAGG,23,CASPAR,01/01/1996
227,2,FORT BRAGG,23,LITTLE RIVER,
228,2,FORT BRAGG,23,MENDOCINO,01/01/1996
229,2,FORT BRAGG,8,FORT DICK,01/01/1996
230,2,FORT BRAGG,12,GARBERVILLE,01/01/1996
231,1,EUREKA,12,TRINIDAD,
232,2,FORT BRAGG,12,MIRANDA,01/01/1996
233,2,FORT BRAGG,23,WESTPORT,
234,2,FORT BRAGG,12,MCKINLEYVILLE,01/01/1996
235,2,FORT BRAGG,12,MOONSTONE BEACH,01/01/1996
236,2,FORT BRAGG,12,BAYSIDE,01/01/1996
237,2,FORT BRAGG,12,WEOTT,01/01/1996
238,2,FORT BRAGG,12,THORN,01/01/1996
239,2,FORT BRAGG,12,PETROLIA,01/01/1996
240,2,FORT BRAGG,32,ALMANOR,01/01/1996
243,2,FORT BRAGG,23,UKIAH,01/01/1996
244,2,FORT BRAGG,45,REDDING,01/01/1996
245,2,FORT BRAGG,52,RED BLUFF,01/01/1996
246,1,EUREKA,12,KING SALMON,
247,2,FORT BRAGG,49,CLOVERDALE,01/01/1996
249,2,FORT BRAGG,18,BIEBER,01/01/1996
250,2,FORT BRAGG,47,MCCLOUD,01/01/1996
251,2,FORT BRAGG,45,FALL RIVER MILLS,01/01/1996
252,10,SACRAMENTO DELTA,45,COTTONWOOD,
253,3,BODEGA BAY,29,ROUGH & READY,01/01/1996
254,3,BODEGA BAY,9,TAHOE KEYS,01/01/1996
255,2,FORT BRAGG,12,CARLOTTA,01/01/1996
256,3,BODEGA BAY,34,ORANGEVALE,01/01/1996
257,3,BODEGA BAY,4,OROVILLE,01/01/1996
258,3,BODEGA BAY,34,CITRUS HEIGHTS,01/01/1996
259,3,BODEGA BAY,7,CONCORD,01/01/1996
260,3,BODEGA BAY,31,AUBURN,01/01/1996
261,4,SAN FRANCISCO,49,OCCIDENTAL,01/01/1996
262,3,BODEGA BAY,48,VACAVILLE,01/01/1996
263,2,FORT BRAGG,12,WHITEHORN,01/01/1996
264,3,BODEGA BAY,52,LOS MOLINOS,01/01/1996
265,3,BODEGA BAY,31,ROSEVILLE,01/01/1996
266,3,BODEGA BAY,48,FAIRFIELD,01/01/1996
267,3,BODEGA BAY,34,GALT,01/01/1996
268,5,MONTEREY,44,FREEDOM,01/01/1996
269,3,BODEGA BAY,52,CORNING,01/01/1996
270,2,FORT BRAGG,53,WEAVERVILLE,01/01/1996
271,3,BODEGA BAY,11,ORLAND,01/01/1996
272,2,FORT BRAGG,47,WEED,01/01/1996
273,3,BODEGA BAY,11,WILLOWS,01/01/1996
274,2,FORT BRAGG,12,HONEYDEW,01/01/1996
275,3,BODEGA BAY,23,WILLITS,01/01/1996
276,3,BODEGA BAY,6,ARBUCKLE,01/01/1996
277,2,FORT BRAGG,47,HAPPY CAMP,01/01/1996
278,2,FORT BRAGG,53,DOUGLAS CITY,01/01/1996
300,3,BODEGA BAY,99,SACRAMENTO AREA,01/01/1997
301,3,BODEGA BAY,55,SONORA,01/01/1996
302,3,BODEGA BAY,48,DIXON,01/01/1996
303,3,BODEGA BAY,5,CAMP CONNELL,01/01/1996
304,3,BODEGA BAY,7,DANVILLE,01/01/1996
305,3,BODEGA BAY,57,WEST SACRAMENTO,01/01/1996
306,3,BODEGA BAY,9,PLACERVILLE,01/01/1996
307,3,BODEGA BAY,7,PLEASANT HILL,01/01/1996
308,3,BODEGA BAY,1,PLEASANTON,01/01/1996
309,3,BODEGA BAY,58,SMARTSVILLE,01/01/1996
310,3,BODEGA BAY,58,OLIVEHURST,01/01/1996
311,3,BODEGA BAY,24,GUSTINE,01/01/1996
312,3,BODEGA BAY,31,TAHOE CITY,01/01/1996
313,3,BODEGA BAY,11,GLENN,01/01/1997
314,3,BODEGA BAY,7,WALNUT CREEK,01/01/1996
315,3,BODEGA BAY,53,MARYSVILLE,01/01/1996
316,3,BODEGA BAY,39,RIPON,01/01/1996
317,3,BODEGA BAY,34,FAIR OAKS,01/01/1996
318,3,BODEGA BAY,7,BYRON,01/01/1996
319,3,BODEGA BAY,57,DAVIS,01/01/1996
320,3,BODEGA BAY,50,TURLOCK,01/01/1996
321,3,BODEGA BAY,24,SNELLING,01/01/1996
322,10,SACRAMENTO DELTA,34,FREEPORT,
323,3,BODEGA BAY,7,BRENTWOOD,01/01/1996
324,10,SACRAMENTO DELTA,7,BETHEL ISLAND,
325,3,BODEGA BAY,48,SUISUN CITY,
326,3,BODEGA BAY,48,MONTEZUMA SLOUGH,01/01/1996
327,3,BODEGA BAY,17,NICE,01/01/1996
328,3,BODEGA BAY,48,DENVERTON,01/01/1996
329,3,BODEGA BAY,48,BIRDS LANDING,01/01/1996
330,10,SACRAMENTO DELTA,34,SACRAMENTO,
331,3,BODEGA BAY,34,THREE MILE SLOUGH,01/01/1996
332,3,BODEGA BAY,34,STEAMBOAT SLOUGH,01/01/1996
337,3,BODEGA BAY,39,WOODBRIDGE,01/01/1996
338,3,BODEGA BAY,39,LATHROP,01/01/1996
339,3,BODEGA BAY,7,OLD RIVER,01/01/1996
341,4,SAN FRANCISCO,48,BENICIA,
342,3,BODEGA BAY,48,COLLINSVILLE,01/01/1996
343,10,SACRAMENTO DELTA,34,COURTLAND,
345,3,BODEGA BAY,7,PITTSBURG,
346,10,SACRAMENTO DELTA,34,LOCKE,
347,3,BODEGA BAY,39,LODI,01/01/1996
348,4,SAN FRANCISCO,7,MARTINEZ,
349,3,BODEGA BAY,34,ISLETON,01/01/1996
350,3,BODEGA BAY,57,BRYTE,01/01/1996
351,10,SACRAMENTO DELTA,48,RIO VISTA,
352,10,SACRAMENTO DELTA,39,STOCKTON,
354,3,BODEGA BAY,34,WALNUT GROVE,01/01/1996
356,3,BODEGA BAY,7,ANTIOCH,01/01/1996
357,4,SAN FRANCISCO,7,CROCKETT,
358,3,BODEGA BAY,17,LAKEPORT,01/01/1996
359,3,BODEGA BAY,39,ACAMPO,01/01/1996
360,3,BODEGA BAY,7,ANTIOCH BRIDGE,01/01/1996
361,3,BODEGA BAY,17,CLEAR LAKE,01/01/1996
362,3,BODEGA BAY,57,BRODERICK,01/01/1996
363,10,SACRAMENTO DELTA,57,CLARKSBURG,
364,3,BODEGA BAY,34,ELK GROVE,01/01/1996
365,3,BODEGA BAY,6,COLUSA,01/01/1996
366,10,SACRAMENTO DELTA,57,KNIGHTS LANDING,
367,3,BODEGA BAY,7,PORT COSTA,01/01/1996
368,3,BODEGA BAY,34,HOOD,01/01/1996
369,3,BODEGA BAY,51,VERONA,01/01/1996
370,3,BODEGA BAY,50,PATTERSON,01/01/1996
371,3,BODEGA BAY,17,LUCERNE,01/01/1996
372,3,BODEGA BAY,39,MIDDLE RIVER,01/01/1996
373,3,BODEGA BAY,4,GRIDLEY,01/01/1996
374,3,BODEGA BAY,51,YUBA CITY,01/01/1996
376,3,BODEGA BAY,50,MODESTO,01/01/1996
377,3,BODEGA BAY,17,UPPER LAKE,01/01/1996
378,3,BODEGA BAY,39,TRACY,01/01/1996
379,3,BODEGA BAY,39,MANTECA,01/01/1996
387,3,BODEGA BAY,7,OAKLEY,01/01/1996
388,3,BODEGA BAY,29,TRUCKEE,01/01/1996
390,3,BODEGA BAY,57,WOODLAND,01/01/1996
391,11,INLAND WATERS,26,MONO LAKE,
393,3,BODEGA BAY,34,RIO LINDA,01/01/1996
394,3,BODEGA BAY,26,LEE VINING,01/01/1996
395,3,BODEGA BAY,51,NICOLAUS,01/01/1996
396,3,BODEGA BAY,9,EL DORADO HILLS,01/01/1996
397,3,BODEGA BAY,57,YOLO,01/01/1996
398,3,BODEGA BAY,48,CORDELIA,01/01/1996
400,4,SAN FRANCISCO,99,SAN FRANCISCO AREA,01/01/1997
401,4,SAN FRANCISCO,1,FREMONT,
402,4,SAN FRANCISCO,7,ALAMO,01/01/1996
403,4,SAN FRANCISCO,43,LOS GATOS,01/01/1996
404,4,SAN FRANCISCO,21,FORREST KNOLLS,01/01/1996
405,4,SAN FRANCISCO,28,SAINT HELENA,01/01/1996
406,4,SAN FRANCISCO,43,MONTE VISTA,01/01/1996
407,4,SAN FRANCISCO,49,ROHNERT PARK,01/01/1996
408,4,SAN FRANCISCO,21,GREENBRAE,01/01/1996
409,4,SAN FRANCISCO,41,FOSTER CITY,
410,4,SAN FRANCISCO,41,BURLINGAME,01/01/1996
411,4,SAN FRANCISCO,43,LOS ALTOS,01/01/1996
412,4,SAN FRANCISCO,48,GLEN COVE,
413,3,BODEGA BAY,1,LIVERMORE,01/01/1996
414,4,SAN FRANCISCO,41,SAN BRUNO,01/01/1996
415,4,SAN FRANCISCO,21,NICASIO,01/01/1996
416,4,SAN FRANCISCO,28,YOUNTVILLE,01/01/1996
417,4,SAN FRANCISCO,1,NEWARK,
419,4,SAN FRANCISCO,49,SONOMA,01/01/1996
420,4,SAN FRANCISCO,49,GUERNEVILLE,01/01/1996
422,4,SAN FRANCISCO,7,EL SOBRANTE,01/01/1996
423,4,SAN FRANCISCO,21,MUIR BEACH,01/01/1996
424,3,BODEGA BAY,49,TIMBER COVE,
425,4,SAN FRANCISCO,1,EMERYVILLE,
426,4,SAN FRANCISCO,21,KENTFIELD,01/01/1996
427,2,FORT BRAGG,23,ANCHOR BAY,
428,4,SAN FRANCISCO,7,EL CERRITO,01/01/1996
429,4,SAN FRANCISCO,28,NAPA,01/01/1996
430,4,SAN FRANCISCO,1,SAN LEANDRO,
431,4,SAN FRANCISCO,21,MILL VALLEY,01/01/1996
432,4,SAN FRANCISCO,7,LAFAYETTE,01/01/1996
434,4,SAN FRANCISCO,43,MOUNTAIN VIEW,01/01/1996
435,4,SAN FRANCISCO,49,HEALDSBURG,01/01/1996
436,4,SAN FRANCISCO,1,HAYWARD,01/01/1996
437,3,BODEGA BAY,21,DRAKES BAY,
438,4,SAN FRANCISCO,43,SUNNYVALE,01/01/1996
439,4,SAN FRANCISCO,41,PACIFICA,
440,4,SAN FRANCISCO,38,SAN FRANCISCO,
441,3,BODEGA BAY,21,DILLON BEACH,
442,4,SAN FRANCISCO,41,REDWOOD CITY,
443,4,SAN FRANCISCO,41,MOSS BEACH,01/01/1996
444,4,SAN FRANCISCO,41,SAN CARLOS,01/01/1996
445,4,SAN FRANCISCO,41,MARTINS BEACH,01/01/1996
446,4,SAN FRANCISCO,43,CAMPBELL,01/01/1996
447,4,SAN FRANCISCO,49,STEWARTS POINT,01/01/1996
448,4,SAN FRANCISCO,41,DALY CITY,01/01/1996
449,4,SAN FRANCISCO,43,ALVISO,
450,4,SAN FRANCISCO,7,PINOLE,
451,4,SAN FRANCISCO,7,RODEO,
452,4,SAN FRANCISCO,41,PRINCETON-HALF MOON,
453,4,SAN FRANCISCO,48,VALLEJO,
454,4,SAN FRANCISCO,43,SAN JOSE,01/01/1996
455,4,SAN FRANCISCO,21,CHINA CAMP,
457,4,SAN FRANCISCO,21,NOVATO,01/01/1996
458,4,SAN FRANCISCO,41,PEDRO VALLEY,01/01/1996
459,4,SAN FRANCISCO,49,PETALUMA,
462,3,BODEGA BAY,21,MARSHALL,
463,4,SAN FRANCISCO,21,MCNEARS POINT,01/01/1996
464,4,SAN FRANCISCO,1,OAKLAND,
465,4,SAN FRANCISCO,41,SAN MATEO,01/01/1996
466,4,SAN FRANCISCO,21,SAN QUENTIN,01/01/1996
468,4,SAN FRANCISCO,21,SAN RAFAEL,
469,4,SAN FRANCISCO,21,SAUSALITO,
470,4,SAN FRANCISCO,38,SOUTH SAN FRANCISCO,
471,4,SAN FRANCISCO,1,ALAMEDA,
472,4,SAN FRANCISCO,1,BERKELEY,
473,3,BODEGA BAY,49,BODEGA BAY,
474,3,BODEGA BAY,21,INVERNESS,
475,4,SAN FRANCISCO,49,SANTA ROSA,01/01/1996
476,3,BODEGA BAY,21,POINT REYES,
477,3,BODEGA BAY,21,TOMALES BAY,
478,4,SAN FRANCISCO,7,RICHMOND,
479,4,SAN FRANCISCO,12,PIGEON POINT,01/01/1996
481,4,SAN FRANCISCO,41,POINT MONTARA,01/01/1996
482,4,SAN FRANCISCO,41,PESCADERO,01/01/1996
483,4,SAN FRANCISCO,41,POINT SAN PEDRO,01/01/1996
484,4,SAN FRANCISCO,1,ALBANY,01/01/1996
485,4,SAN FRANCISCO,38,FARALLONE IS,01/01/1996
486,4,SAN FRANCISCO,21,MILLERTON,01/01/1996
487,3,BODEGA BAY,21,BOLINAS,
488,3,BODEGA BAY,21,MARCONI COVE,
489,4,SAN FRANCISCO,49,JENNER,01/01/1996
490,4,SAN FRANCISCO,21,HAMLET,01/01/1996
491,4,SAN FRANCISCO,21,CORTE MADERA,01/01/1996
492,4,SAN FRANCISCO,49,SEBASTOPOL,01/01/1996
494,4,SAN FRANCISCO,43,PALO ALTO,01/01/1996
495,4,SAN FRANCISCO,45,CALIFORNIA CITY,01/01/1996
496,4,SAN FRANCISCO,21,TIBURON,01/01/1996
497,4,SAN FRANCISCO,21,STINSON BEACH,01/01/1996
498,4,SAN FRANCISCO,41,ROCKAWAY BEACH,01/01/1996
499,4,SAN FRANCISCO,49,WINDSOR,01/01/1996
500,5,MONTEREY,99,MONTEREY AREA,01/01/1996
501,3,BODEGA BAY,50,CERES,01/01/1996
502,5,MONTEREY,44,SOQUEL,01/01/1996
503,5,MONTEREY,10,KINGSBURG,01/01/1996
504,5,MONTEREY,10,CLOVIS,01/01/1996
505,5,MONTEREY,24,LOS BANOS,01/01/1996
506,5,MONTEREY,44,FELTON,01/01/1996
507,5,MONTEREY,35,SAN JUAN BAUTISTA,01/01/1996
508,5,MONTEREY,54,VISALIA,01/01/1996
509,5,MONTEREY,54,LINDSAY,01/01/1996
510,4,SAN FRANCISCO,20,OAKHURST,01/01/1996
511,5,MONTEREY,27,BIG SUR,01/01/1996
512,5,MONTEREY,40,SAN MIGUEL,01/01/1996
513,5,MONTEREY,40,PASO ROBLES,01/01/1996
514,5,MONTEREY,10,COALINGA,01/01/1996
515,5,MONTEREY,27,BIG CREEK,
516,5,MONTEREY,27,MILL CREEK,
517,5,MONTEREY,27,WILLOW CREEK,
549,5,MONTEREY,27,FORT ORD,01/01/1996
550,5,MONTEREY,27,MONTEREY,
551,5,MONTEREY,10,KERMAN,01/01/1996
552,5,MONTEREY,43,GILROY,01/01/1996
553,5,MONTEREY,43,MORGAN HILL,01/01/1996
556,5,MONTEREY,54,PIXLEY,01/01/1996
557,5,MONTEREY,20,MADERA,01/01/1996
558,5,MONTEREY,10,FRESNO,01/01/1996
559,5,MONTEREY,20,CHOWCHILLA,01/01/1996
560,5,MONTEREY,24,DOS PALOS,01/01/1996
581,5,MONTEREY,35,HOLLISTER,01/01/1996
584,5,MONTEREY,27,LUCIA,01/01/1996
585,5,MONTEREY,27,PEBBLE BEACH,01/01/1996
586,5,MONTEREY,27,POINT LOBOS,01/01/1996
587,5,MONTEREY,27,PACIFIC GROVE,01/01/1996
588,5,MONTEREY,27,SEASIDE,01/01/1996
589,5,MONTEREY,27,CARMEL,01/01/1996
590,5,MONTEREY,27,SALINAS,01/01/1996
591,5,MONTEREY,44,CAPITOLA,01/01/1996
592,5,MONTEREY,27,MOSS LANDING,
593,5,MONTEREY,44,SANTA CRUZ,
594,5,MONTEREY,44,WATSONVILLE,01/01/1996
596,5,MONTEREY,44,DAVENPORT,01/01/1996
598,5,MONTEREY,27,MARINA,01/01/1996
599,5,MONTEREY,44,APTOS,01/01/1996
600,7,SANTA BARBARA,99,SANTA BARBARA AREA,01/01/1996
601,6,MORRO BAY,40,ARROYO GRANDE,01/01/1996
602,6,MORRO BAY,40,AVILA/PORT SAN LUIS,
603,6,MORRO BAY,40,CAYUCOS,01/01/1996
604,7,SANTA BARBARA,42,GAVIOTA BEACH,
605,7,SANTA BARBARA,56,PORT HUENEME,
606,6,MORRO BAY,40,MORRO BAY,
607,6,MORRO BAY,40,OCEANO,01/01/1996
608,7,SANTA BARBARA,56,OXNARD,
609,6,MORRO BAY,40,SAN LUIS OBISPO,01/01/1996
610,6,MORRO BAY,40,PISMO BEACH,01/01/1996
611,7,SANTA BARBARA,42,SANTA BARBARA HARBOR,
612,6,MORRO BAY,42,SANTA MARIA,01/01/1996
613,7,SANTA BARBARA,56,VENTURA,
614,7,SANTA BARBARA,42,GOLETA BEACH,
615,6,MORRO BAY,40,SAN SIMEON,
616,6,MORRO BAY,42,SUMMERLAND,01/01/1996
618,7,SANTA BARBARA,42,GUADALUPE BEACH,
619,7,SANTA BARBARA,42,CONCEPTION,01/01/1996
620,7,SANTA BARBARA,42,POINT ARGUELLO,01/01/1996
621,7,SANTA BARBARA,42,SURF BEACH,
623,7,SANTA BARBARA,42,SANTA CRUZ ISLAND,01/01/1996
628,7,SANTA BARBARA,56,POINT MUGU,01/01/1996
629,7,SANTA BARBARA,40,SHELL BEACH,01/01/1996
630,7,SANTA BARBARA,42,RINCON,01/01/1996
631,7,SANTA BARBARA,40,NIPOMO,01/01/1996
632,6,MORRO BAY,40,CAMBRIA,01/01/1996
634,6,MORRO BAY,56,SOLIMAR,01/01/1996
635,7,SANTA BARBARA,42,CARPENTERIA,
638,6,MORRO BAY,40,GROVER CITY,01/01/1996
639,7,SANTA BARBARA,42,LOMPOC,01/01/1996
640,6,MORRO BAY,56,SIMI VALLEY,01/01/1996
641,6,MORRO BAY,54,PORTERVILLE,01/01/1996
642,6,MORRO BAY,15,DELANO,01/01/1996
643,6,MORRO BAY,15,BAKERSFIELD,01/01/1996
644,6,MORRO BAY,15,KERNVILLE,01/01/1996
645,6,MORRO BAY,42,SOLVANG,01/01/1996
646,6,MORRO BAY,54,TULARE,01/01/1996
647,6,MORRO BAY,15,SHAFTER,01/01/1996
648,6,MORRO BAY,40,BAYWOOD PARK,01/01/1996
649,6,MORRO BAY,15,OILDALE,01/01/1996
650,6,MORRO BAY,56,OJAI,01/01/1996
651,6,MORRO BAY,56,WEST LAKE VILLAGE,01/01/1996
652,11,INLAND WATERS,15,LAKE ISABELLA,
653,6,MORRO BAY,40,ATASCADERO,01/01/1996
654,6,MORRO BAY,15,RIDGECREST,01/01/1996
655,6,MORRO BAY,56,SANTA PAULA,01/01/1996
656,6,MORRO BAY,15,TAFT,01/01/1996
657,7,SANTA BARBARA,15,MOJAVE,01/01/1996
700,8,LOS ANGELES,99,LOS ANGELES AREA,01/01/1996
701,8,LOS ANGELES,19,GLENDALE,01/01/1996
702,8,LOS ANGELES,19,SOUTH GATE,01/01/1996
703,8,LOS ANGELES,19,LANCASTER,01/01/1996
704,8,LOS ANGELES,30,FOUNTAIN VALLEY,01/01/1996
705,8,LOS ANGELES,19,GRANADA HILLS,01/01/1996
706,8,LOS ANGELES,19,RANCHO PALOS VERDES,01/01/1996
707,8,LOS ANGELES,30,WESTMINISTER,01/01/1996
708,8,LOS ANGELES,19,COVINA,01/01/1996
709,8,LOS ANGELES,19,EL SEGUNDO,01/01/1996
710,8,LOS ANGELES,19,HAWAIIAN GARDENS,01/01/1996
711,8,LOS ANGELES,19,CARSON,01/01/1996
712,8,LOS ANGELES,30,MISSION VIEJO,01/01/1996
721,8,LOS ANGELES,30,ANAHEIM,01/01/1996
724,8,LOS ANGELES,19,BELL GARDENS,01/01/1996
726,8,LOS ANGELES,30,ORANGE,01/01/1996
727,8,LOS ANGELES,19,WHITTIER,01/01/1996
728,8,LOS ANGELES,19,NORWALK,01/01/1996
729,8,LOS ANGELES,19,MALIBU,
730,8,LOS ANGELES,19,TORRANCE,01/01/1996
733,8,LOS ANGELES,19,CATALINA ISLAND,
734,8,LOS ANGELES,37,SAN CLEMENTE ISLAND,01/01/1996
736,8,LOS ANGELES,30,LOS ALAMITOS,01/01/1996
738,8,LOS ANGELES,19,PACIFIC PALISADES,01/01/1996
739,8,LOS ANGELES,30,SUNSET BEACH,01/01/1996
741,8,LOS ANGELES,19,AVALON,
742,8,LOS ANGELES,19,REDONDO BEACH,
743,8,LOS ANGELES,19,LONG BEACH,
744,8,LOS ANGELES,19,LOS ANGELES,
745,8,LOS ANGELES,19,TERMINAL ISLAND,
746,8,LOS ANGELES,19,WILMINGTON,
747,8,LOS ANGELES,19,SANTA MONICA,
748,8,LOS ANGELES,30,NEWPORT BEACH,
749,8,LOS ANGELES,30,LAGUNA,01/01/1996
750,8,LOS ANGELES,19,WEST LOS ANGELES,01/01/1996
751,8,LOS ANGELES,19,TOPANGA CANYON,01/01/1996
752,8,LOS ANGELES,19,OCEAN PARK,01/01/1996
753,8,LOS ANGELES,19,VENICE,01/01/1996
754,8,LOS ANGELES,33,ELSINORE,01/01/1996
755,8,LOS ANGELES,33,NORCO,01/01/1996
756,8,LOS ANGELES,19,HERMOSA BEACH,
757,8,LOS ANGELES,19,POINT DUME,01/01/1996
759,8,LOS ANGELES,30,COSTA MESA,01/01/1996
760,8,LOS ANGELES,30,SEAL BEACH,
762,8,LOS ANGELES,19,MANHATTAN BEACH,01/01/1996
763,8,LOS ANGELES,19,ALHAMBRA,01/01/1996
764,8,LOS ANGELES,30,BALBOA,
765,8,LOS ANGELES,30,CORONA DEL MAR,01/01/1996
766,8,LOS ANGELES,30,SAN CLEMENTE,01/01/1996
767,8,LOS ANGELES,30,DANA POINT,
768,8,LOS ANGELES,30,HUNTINGTON BEACH,
769,8,LOS ANGELES,33,RIVERSIDE,01/01/1996
770,8,LOS ANGELES,19,SAN PEDRO,
771,8,LOS ANGELES,30,SANTA ANA,01/01/1996
772,8,LOS ANGELES,30,CAPISTRANO,01/01/1996
773,8,LOS ANGELES,19,GARDENA,01/01/1996
774,8,LOS ANGELES,19,INGLEWOOD,01/01/1996
775,8,LOS ANGELES,33,BEAUMONT,01/01/1996
776,8,LOS ANGELES,19,MARINA DEL REY,
777,8,LOS ANGELES,19,LYNWOOD,01/01/1996
778,8,LOS ANGELES,19,PARAMOUNT,01/01/1996
779,8,LOS ANGELES,19,HARBOR CITY,01/01/1996
780,8,LOS ANGELES,30,FULLERTON,01/01/1996
781,8,LOS ANGELES,19,WALNUT,01/01/1996
782,8,LOS ANGELES,36,VICTORVILLE,01/01/1996
783,8,LOS ANGELES,14,BISHOP,01/01/1996
784,8,LOS ANGELES,36,SAN BERNARDINO,01/01/1996
785,8,LOS ANGELES,19,VERNON,01/01/1996
787,8,LOS ANGELES,56,CAMARILLO,01/01/1996
788,8,LOS ANGELES,36,NEWBERRY SPRINGS,01/01/1996
789,8,LOS ANGELES,36,UPLAND,01/01/1996
790,8,LOS ANGELES,30,IRVINE,01/01/1996
791,8,LOS ANGELES,36,YUCCA VALLEY,01/01/1996
792,8,LOS ANGELES,36,BLOOMINGTON,01/01/1996
794,8,LOS ANGELES,19,LA CANADA,01/01/1996
796,8,LOS ANGELES,19,PASADENA,01/01/1996
799,8,LOS ANGELES,26,LAKE CROWLEY,01/01/1996
800,9,SAN DIEGO,99,SAN DIEGO AREA,01/01/1996
801,6,MORRO BAY,56,THOUSAND OAKS,01/01/1996
802,8,LOS ANGELES,19,NEWHALL,01/01/1996
803,8,LOS ANGELES,19,RESEDA,01/01/1996
804,8,LOS ANGELES,36,ONTARIO,01/01/1996
805,8,LOS ANGELES,19,CHATSWORTH,01/01/1996
852,9,SAN DIEGO,37,POWAY,01/01/1996
853,9,SAN DIEGO,36,EARP,01/01/1996
854,8,LOS ANGELES,33,HEMET,01/01/1996
855,9,SAN DIEGO,33,THERMAL,01/01/1996
856,8,LOS ANGELES,33,PALM SPRINGS,01/01/1996
857,8,LOS ANGELES,14,TECOPA,01/01/1996
858,9,SAN DIEGO,13,PALO VERDE,01/01/1996
859,9,SAN DIEGO,37,VALLEY CENTER,01/01/1996
860,9,SAN DIEGO,37,SANTEE,01/01/1996
861,9,SAN DIEGO,37,FALLBROOK,01/01/1996
862,9,SAN DIEGO,37,SAN MARCOS,01/01/1996
863,9,SAN DIEGO,33,NORTH SHORE,01/01/1996
864,9,SAN DIEGO,37,BONITA,01/01/1996
865,9,SAN DIEGO,37,SPRING VALLEY,01/01/1996
866,9,SAN DIEGO,13,IMPERIAL,01/01/1996
867,9,SAN DIEGO,37,LEUCADIA,01/01/1996
868,9,SAN DIEGO,37,IMPERIAL BEACH,
869,9,SAN DIEGO,37,MISSION BAY,
870,9,SAN DIEGO,37,SAN YSIDRO,
872,9,SAN DIEGO,13,WINTERHAVEN,01/01/1996
873,9,SAN DIEGO,13,SALTON SEA,01/01/1996
874,8,LOS ANGELES,33,PALM CITY,01/01/1996
875,9,SAN DIEGO,13,NILAND,01/01/1996
877,9,SAN DIEGO,37,LEMON GROVE,01/01/1996
878,9,SAN DIEGO,13,EL CENTRO,01/01/1996
879,9,SAN DIEGO,37,EL CAJON,01/01/1996
880,9,SAN DIEGO,37,SAN DIEGO,
881,9,SAN DIEGO,37,POINT LOMA,
882,9,SAN DIEGO,37,NATIONAL CITY,
883,9,SAN DIEGO,37,OCEANSIDE,
884,9,SAN DIEGO,37,CORONADO,
885,9,SAN DIEGO,37,OCEAN BEACH,01/01/1996
886,9,SAN DIEGO,37,MISSION BEACH,01/01/1996
888,9,SAN DIEGO,37,LA JOLLA,
889,9,SAN DIEGO,37,CHULA VISTA,
890,9,SAN DIEGO,37,DEL MAR,01/01/1996
891,9,SAN DIEGO,37,CARLSBAD,01/01/1996
893,9,SAN DIEGO,37,CARDIFF,01/01/1996
894,9,SAN DIEGO,37,ENCINITAS,01/01/1996
895,9,SAN DIEGO,37,SOLANA BEACH,01/01/1996
897,9,SAN DIEGO,37,VISTA,01/01/1996
898,9,SAN DIEGO,37,LA MESA,01/01/1996
899,9,SAN DIEGO,37,ESCONDIDO,01/01/1996
900,99,UNKNOWN MAJOR PORT,99,SOUTH OF CALIFORNIA (HOME PORT),01/01/1996
999,99,UNKNOWN MAJOR PORT,99,ALL OTHER PORTS,01/01/1996
1000,99,UNKNOWN MAJOR PORT,99,EAST OF CALIFORNIA (HOME PORT),01/01/1996
1002,99,UNKNOWN MAJOR PORT,99,EUREKA 2,01/01/1996
1003,99,UNKNOWN MAJOR PORT,99,UPPER SF BAY & SACRAMENTO RIVER,01/01/1996
1005,99,UNKNOWN MAJOR PORT,99,MONTEREY 2,01/01/1996
1006,99,UNKNOWN MAJOR PORT,99,SANTA BARBARA,01/01/1996
1007,99,UNKNOWN MAJOR PORT,99,LOS ANGELES 2,01/01/1996
0,99,UNKNOWN MAJOR PORT,99,INVALID OR UNKNOWN PORT,
199,12,OREGON,99,BROOKINGS,

